"","G1","G2","G3","G4","G5","G6","G7","G8","G9","G10","G11","G12","G13","G14","G15","G16","G17","G18","G19","G20","G21","G22","G23","G24","G25","G26","G27","G28","G29","G30","G31","G32","G33","G34","G35","G36","G37","G38","G39","G40","G41","G42","G43","G44","G45","G46","G47","G48","G49","G50","G51","G52","G53","G54","G55","G56","G57","G58","G59","G60","G61","G62","G63","G64","G65","G66","G67","G68","G69","G70","G71","G72","G73","G74","G75","G76","G77","G78","G79"
"MP01",0.128477037798088,1.51477139891798,1.2270893264662,0.128477037798088,-0.970135250870021,1.10930629080981,-0.970135250870021,-0.970135250870021,0.128477037798088,-0.276988070310076,-0.276988070310076,-0.970135250870021,2.74343681583429,-0.276988070310076,-0.970135250870021,1.2270893264662,0.639302661564079,0.416159110249869,-0.970135250870021,-0.970135250870021,-0.970135250870021,-0.970135250870021,-0.970135250870021,-0.276988070310076,2.0743871868534,-0.970135250870021,0.128477037798088,-0.970135250870021,0.128477037798088,1.51477139891798,-0.970135250870021,-0.276988070310076,-0.970135250870021,-0.970135250870021,-0.970135250870021,-0.276988070310076,0.821624218358034,-0.970135250870021,0.128477037798088,1.2270893264662,-0.276988070310076,-0.970135250870021,2.90106576003787,-0.970135250870021,1.10930629080981,0.821624218358034,1.66892207874524,-0.276988070310076,0.128477037798088,0.821624218358034,-0.970135250870021,-0.276988070310076,-0.276988070310076,0.975774898185292,-0.276988070310076,0.975774898185292,0.821624218358034,1.10930629080981,-0.970135250870021,0.821624218358034,0.128477037798088,-0.970135250870021,-0.970135250870021,-0.276988070310076,0.639302661564079,0.639302661564079,-0.970135250870021,0.128477037798088,-0.970135250870021,-0.276988070310076,-0.970135250870021,0.416159110249869,-0.970135250870021,0.128477037798088,1.66892207874524,0.821624218358034,-0.970135250870021,-0.276988070310076,-0.970135250870021
"MP02",0.153961632408839,1.18358104959,0.847108812968784,0.336283189202794,0.336283189202794,-0.762329099465316,-1.45547628002526,-0.356863991357152,2.51481563352686,-0.0691819189053705,1.18358104959,-1.45547628002526,0.623965261654575,0.153961632408839,0.336283189202794,0.336283189202794,0.623965261654575,-0.762329099465316,0.336283189202794,-1.45547628002526,1.58904615769816,-0.356863991357152,0.336283189202794,1.63556617333305,0.741748297310958,-1.45547628002526,-0.356863991357152,1.87672823014994,2.0708842445909,0.153961632408839,0.847108812968784,-0.762329099465316,-0.356863991357152,2.28219333825811,-1.45547628002526,-1.45547628002526,0.336283189202794,-1.45547628002526,-1.45547628002526,-0.356863991357152,-0.762329099465316,-0.762329099465316,1.72257755032268,-0.356863991357152,2.7492163393657,0.336283189202794,2.3946713216848,-0.762329099465316,-0.0691819189053705,-0.356863991357152,-1.45547628002526,-0.356863991357152,2.0708842445909,-0.356863991357152,0.490433869030052,-0.356863991357152,1.37773706403095,-0.356863991357152,-0.762329099465316,0.490433869030052,-0.356863991357152,-0.762329099465316,-1.45547628002526,0.336283189202794,0.623965261654575,-0.762329099465316,-1.45547628002526,0.153961632408839,-0.0691819189053705,-1.45547628002526,-0.762329099465316,-1.45547628002526,0.153961632408839,-0.0691819189053705,1.10947307743628,-0.762329099465316,-0.762329099465316,-0.762329099465316,-1.45547628002526
"MP03",-0.381868522446358,0.311278658113587,1.12220887432992,0.0235965856618064,-0.381868522446358,0.311278658113587,-1.0750157030063,-0.381868522446358,0.0235965856618064,0.0235965856618064,0.311278658113587,-1.0750157030063,2.10303812734164,-1.0750157030063,-1.0750157030063,1.69757301923348,0.716743766221752,-0.381868522446358,-1.0750157030063,-1.0750157030063,-1.0750157030063,-1.0750157030063,0.0235965856618064,-0.381868522446358,3.22904939019787,-1.0750157030063,0.311278658113587,2.35897150147884,-0.381868522446358,2.2571888071689,-1.0750157030063,-0.381868522446358,-1.0750157030063,-1.0750157030063,-1.0750157030063,-0.381868522446358,0.87089444604901,-1.0750157030063,-1.0750157030063,0.311278658113587,-0.381868522446358,0.311278658113587,2.68618441268726,0.0235965856618064,0.87089444604901,0.311278658113587,2.1438601218619,0.311278658113587,0.0235965856618064,-1.0750157030063,-1.0750157030063,-1.0750157030063,-0.381868522446358,-1.0750157030063,-0.381868522446358,0.87089444604901,1.69757301923348,2.48033235848311,0.311278658113587,-0.381868522446358,-1.0750157030063,-1.0750157030063,-0.381868522446358,0.0235965856618064,-0.381868522446358,1.32287956979207,-1.0750157030063,-0.381868522446358,0.0235965856618064,-1.0750157030063,0.534422209427797,2.2571888071689,-0.381868522446358,-0.381868522446358,0.311278658113587,0.534422209427797,-0.381868522446358,-0.381868522446358,-1.0750157030063
"MP04",0.298291476929357,1.76462854572278,1.68458583804925,-0.800320811738752,1.14558933731656,-0.800320811738752,-0.107173631178807,-0.800320811738752,-0.800320811738752,-0.107173631178807,0.991438657489303,0.298291476929357,1.14558933731656,-0.800320811738752,0.298291476929357,0.298291476929357,0.991438657489303,1.39690376559747,-0.107173631178807,-0.107173631178807,-0.800320811738752,-0.800320811738752,-0.800320811738752,-0.800320811738752,1.83873651787651,3.20701237349372,-0.800320811738752,-0.107173631178807,-0.800320811738752,-0.107173631178807,-0.800320811738752,-0.800320811738752,-0.800320811738752,0.298291476929357,-0.800320811738752,-0.800320811738752,0.991438657489303,-0.800320811738752,0.585973549381138,0.585973549381138,0.298291476929357,-0.800320811738752,1.39690376559747,-0.800320811738752,1.50226428125529,-0.107173631178807,1.76462854572278,0.809117100695348,-0.107173631178807,-0.107173631178807,0.585973549381138,0.298291476929357,-0.800320811738752,-0.800320811738752,-0.800320811738752,-0.800320811738752,0.585973549381138,-0.800320811738752,-0.107173631178807,1.68458583804925,-0.800320811738752,-0.800320811738752,-0.800320811738752,-0.800320811738752,-0.800320811738752,1.76462854572278,0.298291476929357,-0.800320811738752,-0.800320811738752,-0.107173631178807,-0.800320811738752,-0.107173631178807,-0.800320811738752,-0.800320811738752,0.585973549381138,0.809117100695348,-0.107173631178807,-0.800320811738752,-0.800320811738752
"MP05",0.790740161308153,2.23110174369832,3.3471057750783,-0.307872127359956,0.790740161308153,-0.307872127359956,-1.40648441602807,-0.307872127359956,-1.40648441602807,0.202953496406034,0.385275053199989,-0.71333723546812,3.74680717846971,-1.40648441602807,1.58924785752593,-0.307872127359956,1.58924785752593,-1.40648441602807,-1.40648441602807,-1.40648441602807,1.30156578507414,1.72900979990108,-1.40648441602807,-1.40648441602807,2.40017807374225,-1.40648441602807,-1.40648441602807,0.202953496406034,-1.40648441602807,1.63803802169536,-0.71333723546812,-1.40648441602807,-1.40648441602807,0.539425733027248,-1.40648441602807,0.202953496406034,1.68455803733025,-1.40648441602807,0.202953496406034,1.63803802169536,0.202953496406034,-1.40648441602807,2.23110174369832,-1.40648441602807,2.23110174369832,-0.71333723546812,-0.0201900549081752,0.89610067696598,1.23257291358719,2.20443349661616,-1.40648441602807,0.202953496406034,1.99471296563409,-1.40648441602807,0.89610067696598,-0.0201900549081752,0.385275053199989,0.991410856770305,-0.71333723546812,1.53795456313837,-1.40648441602807,-1.40648441602807,-1.40648441602807,-0.71333723546812,-0.307872127359956,-0.307872127359956,0.202953496406034,1.15846494143347,-0.307872127359956,-0.71333723546812,-1.40648441602807,-1.40648441602807,-1.40648441602807,-0.71333723546812,2.91100369750824,-0.307872127359956,-1.40648441602807,-0.71333723546812,-0.71333723546812
"MP06",0.334679305716663,1.02782648627661,1.55845473733878,0.334679305716663,-0.176146318049328,0.334679305716663,-1.27475860671744,-0.176146318049328,1.94411721815076,0.334679305716663,0.922465970618782,-1.27475860671744,1.90329522363051,-1.27475860671744,-0.581611426157492,-0.176146318049328,1.02782648627661,-1.27475860671744,-0.176146318049328,-1.27475860671744,1.12313666608093,-1.27475860671744,0.334679305716663,-1.27475860671744,0.334679305716663,-1.27475860671744,0.671151542337876,-1.27475860671744,0.334679305716663,0.334679305716663,-1.27475860671744,-1.27475860671744,-1.27475860671744,-1.27475860671744,-1.27475860671744,-0.176146318049328,1.12313666608093,-1.27475860671744,-1.27475860671744,1.55845473733878,-0.581611426157492,-1.27475860671744,2.57538899499262,-0.581611426157492,2.33615930592679,1.43329159438477,1.49783011552234,0.671151542337876,-0.176146318049328,-0.581611426157492,-1.27475860671744,0.334679305716663,2.30876033173867,-1.27475860671744,-0.176146318049328,1.81628384664088,2.02107825928689,0.334679305716663,2.57538899499262,0.334679305716663,-1.27475860671744,-0.581611426157492,1.12313666608093,-0.581611426157492,-1.27475860671744,-0.176146318049328,-0.176146318049328,-0.176146318049328,0.517000862510617,-0.176146318049328,0.111535754402453,-1.27475860671744,-0.581611426157492,0.111535754402453,0.334679305716663,0.111535754402453,-0.581611426157492,-0.176146318049328,-1.27475860671744
"MP07",-0.348152276220799,0.904610692274569,1.59775787283451,-1.04129945678074,-0.348152276220799,2.3926877477044,-1.04129945678074,0.0573128318873655,0.0573128318873655,0.0573128318873655,0.750460012447311,-1.04129945678074,0.904610692274569,-1.04129945678074,-1.04129945678074,-0.348152276220799,0.568138455653356,-0.348152276220799,-1.04129945678074,-1.04129945678074,-0.348152276220799,-0.348152276220799,-1.04129945678074,1.2612856362133,3.16339316261022,-1.04129945678074,-0.348152276220799,-1.04129945678074,0.344994904339147,2.09419475914841,-1.04129945678074,-0.348152276220799,-0.348152276220799,-1.04129945678074,-1.04129945678074,-0.348152276220799,-1.04129945678074,-1.04129945678074,0.0573128318873655,0.904610692274569,-1.04129945678074,-1.04129945678074,2.59628670294564,-1.04129945678074,1.15592512055548,1.35659581601763,0.750460012447311,0.0573128318873655,0.750460012447311,-0.348152276220799,-1.04129945678074,-0.348152276220799,-0.348152276220799,-0.348152276220799,-1.04129945678074,2.25453740922359,1.03814208489909,0.904610692274569,1.66675074432147,1.44360719300726,-1.04129945678074,-0.348152276220799,-0.348152276220799,0.344994904339147,-0.348152276220799,2.6222621893489,-0.348152276220799,-0.348152276220799,0.568138455653356,-1.04129945678074,-0.348152276220799,-0.348152276220799,-1.04129945678074,-0.348152276220799,0.0573128318873655,1.35659581601763,-1.04129945678074,-0.348152276220799,-1.04129945678074
"MP08",0.357292878359382,2.59088509986648,2.85599285027972,-1.43446659086867,-0.741319410308728,0.51144355818664,-1.43446659086867,-1.43446659086867,-1.43446659086867,0.174971321565428,1.39874675318754,-1.43446659086867,2.03126931193105,-1.43446659086867,0.51144355818664,-0.335854302200563,1.74358723947927,-0.0481722297487823,-0.335854302200563,-1.43446659086867,0.644974950811163,1.20459073874659,-1.43446659086867,-1.43446659086867,2.89626674941766,-1.43446659086867,-0.335854302200563,0.357292878359382,-1.43446659086867,1.13048276659286,0.174971321565428,-0.741319410308728,-0.741319410308728,0.357292878359382,-0.741319410308728,-0.0481722297487823,1.74358723947927,-1.43446659086867,0.174971321565428,1.33812213137111,-0.741319410308728,0.174971321565428,3.14024438763471,-1.43446659086867,1.89773791930653,0.357292878359382,1.27358361023354,0.357292878359382,-0.335854302200563,0.644974950811163,1.50997238829777,-0.335854302200563,1.86137027513566,-0.335854302200563,-0.741319410308728,0.644974950811163,1.45590516702749,1.39874675318754,-1.43446659086867,2.25441286324526,0.174971321565428,-1.43446659086867,-1.43446659086867,-1.43446659086867,-0.741319410308728,0.762757986467546,-0.335854302200563,-0.741319410308728,-0.741319410308728,-0.741319410308728,-1.43446659086867,-1.43446659086867,-0.741319410308728,0.644974950811163,0.357292878359382,-0.335854302200563,-0.741319410308728,-0.741319410308728,-1.43446659086867
"MP09",0.45066777385459,1.03845443875671,1.40617921888203,-0.465622958019565,-0.465622958019565,0.45066777385459,-1.15877013857951,-0.0601578499114008,-0.0601578499114008,1.78566884058693,0.632989330648545,-1.15877013857951,2.20852569140696,-1.15877013857951,0.45066777385459,0.22752422254038,1.32613651120849,-0.465622958019565,-1.15877013857951,-1.15877013857951,-0.465622958019565,-1.15877013857951,-1.15877013857951,-0.465622958019565,2.57889947970386,-1.15877013857951,-0.0601578499114008,-1.15877013857951,-1.15877013857951,0.632989330648545,-1.15877013857951,-0.465622958019565,-0.465622958019565,-1.15877013857951,-0.465622958019565,-0.465622958019565,0.787140010475803,-1.15877013857951,-0.465622958019565,1.32613651120849,-0.465622958019565,-1.15877013857951,2.83021390798476,-1.15877013857951,0.787140010475803,1.40617921888203,2.47881602114688,-0.0601578499114008,0.787140010475803,0.22752422254038,-1.15877013857951,-0.0601578499114008,-0.465622958019565,-0.465622958019565,-1.15877013857951,1.78566884058693,1.5492800625227,0.632989330648545,2.36759038603665,0.787140010475803,-1.15877013857951,-0.465622958019565,-1.15877013857951,0.632989330648545,-1.15877013857951,1.88575229914391,-0.465622958019565,-0.465622958019565,0.787140010475803,-0.465622958019565,-0.0601578499114008,1.03845443875671,-1.15877013857951,-0.0601578499114008,-1.15877013857951,0.632989330648545,-0.465622958019565,-0.465622958019565,-1.15877013857951
"MP10",0.43780681725333,2.16057341499443,1.02559348215545,0.620128374047284,2.08646544284071,-0.0730188065126608,-1.17163109518077,-1.17163109518077,0.21466326593912,-0.0730188065126608,0.907810446499065,-1.17163109518077,1.60095762705901,-1.17163109518077,-0.478483914620825,0.620128374047284,0.774279053874543,-1.17163109518077,0.43780681725333,0.43780681725333,0.43780681725333,0.620128374047284,-1.17163109518077,-0.478483914620825,-0.0730188065126608,-1.17163109518077,-0.478483914620825,1.53641910592144,-1.17163109518077,-0.0730188065126608,2.63503139458955,-1.17163109518077,-1.17163109518077,-1.17163109518077,-1.17163109518077,-0.478483914620825,1.31327555460723,-1.17163109518077,1.60095762705901,0.21466326593912,-0.478483914620825,-1.17163109518077,2.35472942943539,-1.17163109518077,1.60095762705901,-0.0730188065126608,1.60095762705901,0.21466326593912,0.620128374047284,-1.17163109518077,-0.478483914620825,0.43780681725333,2.88881191536565,-1.17163109518077,-0.478483914620825,-0.0730188065126608,0.21466326593912,0.774279053874543,-0.478483914620825,1.39331826228077,-0.0730188065126608,-1.17163109518077,-1.17163109518077,-0.478483914620825,-1.17163109518077,-0.0730188065126608,-0.478483914620825,-0.478483914620825,0.21466326593912,-1.17163109518077,-0.478483914620825,-1.17163109518077,-1.17163109518077,0.907810446499065,1.96386312074838,1.2262641776176,-1.17163109518077,-0.478483914620825,-1.17163109518077
"MP11",-0.0892310739399474,1.00938121472816,-0.0892310739399474,-0.0892310739399474,0.603916106619998,-0.0892310739399474,-0.0892310739399474,-0.0892310739399474,-0.0892310739399474,-0.0892310739399474,-0.0892310739399474,1.00938121472816,-0.0892310739399474,-0.0892310739399474,-0.0892310739399474,-0.0892310739399474,0.603916106619998,-0.0892310739399474,-0.0892310739399474,-0.0892310739399474,-0.0892310739399474,-0.0892310739399474,-0.0892310739399474,-0.0892310739399474,0.603916106619998,-0.0892310739399474,-0.0892310739399474,-0.0892310739399474,-0.0892310739399474,-0.0892310739399474,0.603916106619998,-0.0892310739399474,-0.0892310739399474,-0.0892310739399474,0.603916106619998,-0.0892310739399474,-0.0892310739399474,0.603916106619998,-0.0892310739399474,-0.0892310739399474,-0.0892310739399474,-0.0892310739399474,0.603916106619998,-0.0892310739399474,-0.0892310739399474,-0.0892310739399474,-0.0892310739399474,-0.0892310739399474,-0.0892310739399474,-0.0892310739399474,-0.0892310739399474,-0.0892310739399474,-0.0892310739399474,-0.0892310739399474,-0.0892310739399474,-0.0892310739399474,-0.0892310739399474,-0.0892310739399474,-0.0892310739399474,-0.0892310739399474,-0.0892310739399474,-0.0892310739399474,-0.0892310739399474,-0.0892310739399474,-0.0892310739399474,-0.0892310739399474,-0.0892310739399474,-0.0892310739399474,-0.0892310739399474,-0.0892310739399474,-0.0892310739399474,-0.0892310739399474,-0.0892310739399474,-0.0892310739399474,-0.0892310739399474,-0.0892310739399474,-0.0892310739399474,-0.0892310739399474,-0.0892310739399474
"MP12",0.748988157158987,1.44213533771893,1.15445326526715,0.278984527913252,0.866771192815371,1.66527888903314,-1.33045338452085,-0.231841095852739,2.45373624939741,-0.637306203960903,-0.637306203960903,-1.33045338452085,1.96538348148348,-0.231841095852739,1.06744188827752,0.866771192815371,0.866771192815371,0.866771192815371,-1.33045338452085,0.055840976599042,-1.33045338452085,-1.33045338452085,-0.637306203960903,-0.231841095852739,2.65853066204343,-1.33045338452085,0.278984527913252,-1.33045338452085,-1.33045338452085,1.55991837337532,-0.231841095852739,-1.33045338452085,-0.231841095852739,-0.231841095852739,-1.33045338452085,-1.33045338452085,1.23449597294069,-1.33045338452085,-1.33045338452085,0.748988157158987,-0.637306203960903,-1.33045338452085,1.8476004458271,0.278984527913252,1.15445326526715,0.055840976599042,1.55991837337532,1.15445326526715,0.461306084707206,1.23449597294069,-1.33045338452085,-1.33045338452085,-1.33045338452085,-1.33045338452085,-0.637306203960903,0.615456764534465,2.07074399714131,2.67687980071162,-0.637306203960903,0.278984527913252,-0.637306203960903,-0.637306203960903,-1.33045338452085,0.972131708473197,0.055840976599042,1.8476004458271,-0.637306203960903,-0.231841095852739,0.461306084707206,-0.231841095852739,-1.33045338452085,-1.33045338452085,-0.637306203960903,-0.637306203960903,0.055840976599042,0.748988157158987,-0.231841095852739,-0.637306203960903,-0.637306203960903
"MP13",0.0736045354735049,0.584430159239496,1.80820559086161,-0.33186057263466,-0.33186057263466,1.27757733979944,-1.0250077531946,-0.33186057263466,1.17221682414161,-1.0250077531946,-0.33186057263466,-1.0250077531946,2.37618962846755,-1.0250077531946,0.361286607925286,-0.33186057263466,1.05443378848523,-1.0250077531946,-1.0250077531946,-1.0250077531946,-0.33186057263466,0.0736045354735049,-1.0250077531946,0.0736045354735049,2.58591015944962,-1.0250077531946,-0.33186057263466,-0.33186057263466,-0.33186057263466,1.53994160426693,-1.0250077531946,-0.33186057263466,-1.0250077531946,-1.0250077531946,-1.0250077531946,-0.33186057263466,1.53994160426693,-1.0250077531946,-0.33186057263466,0.920902395860708,-0.33186057263466,-1.0250077531946,2.34228807679187,-0.33186057263466,1.68304244790761,0.584430159239496,1.61404957642065,1.05443378848523,0.584430159239496,-0.33186057263466,-1.0250077531946,0.0736045354735049,0.76675171603345,-1.0250077531946,-1.0250077531946,0.0736045354735049,2.3071967569806,3.03543525735181,-0.33186057263466,0.0736045354735049,-1.0250077531946,-0.33186057263466,-0.33186057263466,0.920902395860708,0.361286607925286,0.584430159239496,0.0736045354735049,-0.33186057263466,0.361286607925286,-1.0250077531946,-1.0250077531946,-1.0250077531946,-1.0250077531946,0.0736045354735049,-1.0250077531946,1.27757733979944,-0.33186057263466,-1.0250077531946,-1.0250077531946
"MP14",0.0175060073617091,1.22147881168765,1.48384307615514,0.30518807981349,0.30518807981349,1.69148244093338,-1.0811062813064,-0.387959100746455,1.4038003684816,0.5283316311277,0.5283316311277,-1.0811062813064,1.69148244093338,-1.0811062813064,0.0175060073617091,0.0175060073617091,0.710653187921654,-0.387959100746455,-1.0811062813064,-1.0811062813064,-0.387959100746455,-1.0811062813064,-1.0811062813064,-0.387959100746455,2.28618954868007,-1.0811062813064,0.0175060073617091,-1.0811062813064,-1.0811062813064,0.710653187921654,-1.0811062813064,-0.387959100746455,-1.0811062813064,-1.0811062813064,-1.0811062813064,-1.0811062813064,0.5283316311277,-1.0811062813064,-0.387959100746455,0.5283316311277,-0.387959100746455,-0.387959100746455,2.2510982288688,-0.387959100746455,2.47424178018301,0.30518807981349,2.41540128016008,1.11611829602982,0.30518807981349,-0.387959100746455,-0.387959100746455,-1.0811062813064,-0.387959100746455,0.0175060073617091,-1.0811062813064,2.52981163133782,2.21473058469793,1.55795104830886,0.5283316311277,0.0175060073617091,-0.387959100746455,-0.387959100746455,0.30518807981349,0.864803867748913,-0.387959100746455,0.710653187921654,-0.387959100746455,-0.387959100746455,0.0175060073617091,-1.0811062813064,0.0175060073617091,-1.0811062813064,-1.0811062813064,0.0175060073617091,-1.0811062813064,0.864803867748913,0.0175060073617091,-1.0811062813064,-1.0811062813064
"MP15",0.610595182113128,0.610595182113128,1.77374599191881,-0.305695549761027,0.610595182113128,0.0997695583471375,-0.998842730320972,-0.305695549761027,1.70920747078124,0.0997695583471375,0.387451630798918,-0.998842730320972,2.22003309454723,-0.998842730320972,1.30374236267307,-0.305695549761027,0.792916738907083,-0.998842730320972,-0.998842730320972,-0.998842730320972,-0.305695549761027,-0.998842730320972,-0.998842730320972,0.387451630798918,2.33336177985423,-0.305695549761027,-0.305695549761027,-0.998842730320972,-0.998842730320972,0.792916738907083,-0.998842730320972,-0.305695549761027,-0.305695549761027,-0.998842730320972,-0.998842730320972,-0.305695549761027,1.19838184701525,-0.998842730320972,0.0997695583471375,0.792916738907083,-0.305695549761027,-0.998842730320972,2.04567970740245,0.387451630798918,1.19838184701525,1.30374236267307,1.56610662714056,0.0997695583471375,-0.305695549761027,-0.998842730320972,-0.998842730320972,-0.305695549761027,-0.998842730320972,-0.998842730320972,-0.998842730320972,1.56610662714056,0.387451630798918,1.70920747078124,2.58467620813514,0.610595182113128,-0.998842730320972,-0.998842730320972,0.792916738907083,0.610595182113128,-0.998842730320972,0.792916738907083,-0.305695549761027,-0.998842730320972,-0.305695549761027,-0.305695549761027,0.792916738907083,-0.998842730320972,-0.998842730320972,0.0997695583471375,-0.998842730320972,0.387451630798918,0.0997695583471375,-0.305695549761027,-0.998842730320972
"MP16",0.393427114393184,0.681109186844965,0.681109186844965,-0.705185174274926,0.681109186844965,-0.705185174274926,-0.705185174274926,-0.705185174274926,1.77972147551307,-0.0120379937149807,-0.0120379937149807,-0.705185174274926,2.12802816978129,-0.705185174274926,-0.705185174274926,0.393427114393184,0.904252738159174,-0.0120379937149807,-0.705185174274926,-0.705185174274926,-0.705185174274926,-0.705185174274926,-0.705185174274926,-0.0120379937149807,0.681109186844965,-0.705185174274926,0.393427114393184,-0.705185174274926,1.77972147551307,0.393427114393184,2.18518658362124,-0.705185174274926,-0.705185174274926,-0.0120379937149807,-0.705185174274926,-0.705185174274926,-0.0120379937149807,-0.705185174274926,-0.0120379937149807,0.393427114393184,-0.705185174274926,-0.705185174274926,1.77972147551307,-0.0120379937149807,1.08657429495313,-0.705185174274926,1.77972147551307,0.681109186844965,1.08657429495313,1.24072497478039,0.393427114393184,-0.0120379937149807,-0.705185174274926,-0.0120379937149807,-0.0120379937149807,0.681109186844965,0.904252738159174,-0.0120379937149807,0.904252738159174,-0.0120379937149807,-0.705185174274926,-0.705185174274926,-0.0120379937149807,-0.705185174274926,0.681109186844965,0.681109186844965,-0.705185174274926,-0.705185174274926,-0.705185174274926,-0.705185174274926,-0.705185174274926,-0.705185174274926,-0.705185174274926,-0.0120379937149807,-0.705185174274926,0.904252738159174,-0.705185174274926,-0.705185174274926,-0.705185174274926
"MP17",0.645525645712541,0.827847202506496,3.00637964683056,0.422382094398332,-0.270765086161614,0.981997882333754,-0.963912266721559,0.134700021946551,-0.963912266721559,-0.270765086161614,-0.963912266721559,-0.963912266721559,2.25496355814664,-0.963912266721559,0.827847202506496,0.422382094398332,1.43398300607681,0.981997882333754,-0.963912266721559,-0.963912266721559,0.981997882333754,-0.963912266721559,-0.963912266721559,0.645525645712541,1.52099438306644,-0.963912266721559,-0.963912266721559,-0.963912266721559,-0.270765086161614,1.43398300607681,1.6751450628937,-0.963912266721559,-0.270765086161614,-0.963912266721559,-0.963912266721559,-0.963912266721559,0.827847202506496,-0.963912266721559,-0.963912266721559,0.422382094398332,-0.270765086161614,-0.963912266721559,2.67367389300483,-0.963912266721559,1.11552927495828,0.645525645712541,-0.963912266721559,-0.270765086161614,0.827847202506496,-0.963912266721559,-0.963912266721559,-0.963912266721559,1.52099438306644,-0.963912266721559,-0.270765086161614,0.422382094398332,0.981997882333754,1.52099438306644,0.134700021946551,0.134700021946551,-0.270765086161614,-0.963912266721559,-0.963912266721559,-0.963912266721559,0.134700021946551,0.134700021946551,-0.270765086161614,0.827847202506496,0.827847202506496,-0.963912266721559,-0.963912266721559,1.33867282627249,-0.963912266721559,-0.270765086161614,1.6751450628937,-0.270765086161614,-0.270765086161614,-0.270765086161614,-0.963912266721559
"MP18",0.0591524724929226,0.346834544944704,2.00506262154824,0.752299653052868,-0.346312635615242,-0.346312635615242,-1.03945981617519,-0.346312635615242,0.906450332880126,-0.346312635615242,1.59959751344007,-1.03945981617519,1.90497916299125,-1.03945981617519,0.569978096258913,0.906450332880126,0.906450332880126,-1.03945981617519,-1.03945981617519,-1.03945981617519,-0.346312635615242,0.906450332880126,-1.03945981617519,-0.346312635615242,1.79375352788103,-1.03945981617519,0.346834544944704,-1.03945981617519,-0.346312635615242,2.09603439975396,-1.03945981617519,-1.03945981617519,-1.03945981617519,-1.03945981617519,-1.03945981617519,-0.346312635615242,0.569978096258913,-1.03945981617519,-1.03945981617519,0.752299653052868,-1.03945981617519,-1.03945981617519,2.21863672184629,-1.03945981617519,2.29274469400002,0.346834544944704,2.5981263435512,1.44544683361281,0.0591524724929226,-1.03945981617519,-1.03945981617519,0.0591524724929226,0.0591524724929226,-1.03945981617519,-1.03945981617519,0.906450332880126,1.73312890606459,2.05158263718313,0.346834544944704,0.752299653052868,-1.03945981617519,-1.03945981617519,0.569978096258913,0.346834544944704,-1.03945981617519,0.752299653052868,-0.346312635615242,-0.346312635615242,0.569978096258913,-1.03945981617519,-1.03945981617519,0.569978096258913,-0.346312635615242,0.0591524724929226,-0.346312635615242,1.52548954128635,-0.346312635615242,-1.03945981617519,-1.03945981617519
"MP19",0.54464207971615,0.54464207971615,1.86639791969847,0.767785631030359,1.4609328115903,-0.148505100843796,-0.841652281403741,-0.841652281403741,2.45418458460059,0.256960007264369,-0.841652281403741,-0.841652281403741,2.45418458460059,-0.841652281403741,1.86639791969847,1.10425786765157,1.23778926027609,0.256960007264369,-0.841652281403741,-0.841652281403741,-0.841652281403741,-0.841652281403741,-0.841652281403741,-0.841652281403741,0.54464207971615,-0.148505100843796,0.256960007264369,-0.841652281403741,-0.841652281403741,0.767785631030359,-0.841652281403741,-0.841652281403741,-0.841652281403741,-0.841652281403741,-0.148505100843796,-0.841652281403741,1.10425786765157,-0.841652281403741,-0.841652281403741,0.256960007264369,-0.841652281403741,-0.841652281403741,1.23778926027609,0.256960007264369,0.950107187824314,0.54464207971615,1.4609328115903,0.767785631030359,0.256960007264369,-0.841652281403741,0.767785631030359,-0.841652281403741,-0.148505100843796,-0.841652281403741,-0.841652281403741,1.10425786765157,1.35557229593248,1.4609328115903,0.950107187824314,-0.148505100843796,-0.841652281403741,-0.841652281403741,-0.148505100843796,-0.148505100843796,0.256960007264369,0.54464207971615,-0.841652281403741,-0.841652281403741,0.256960007264369,-0.841652281403741,0.767785631030359,-0.841652281403741,-0.841652281403741,-0.841652281403741,0.54464207971615,0.256960007264369,-0.148505100843796,-0.841652281403741,-0.841652281403741
"MP20",0.685070982701683,0.839221662528941,-0.0080761978582624,-1.10668848652637,0.685070982701683,-0.413541305966427,-1.10668848652637,-1.10668848652637,2.65451162916719,-0.413541305966427,0.972753055153464,-1.10668848652637,1.291206786272,-1.10668848652637,0.279605874593519,1.09053609080985,1.19589660646767,-1.10668848652637,-1.10668848652637,-1.10668848652637,-0.413541305966427,-1.10668848652637,-0.0080761978582624,-1.10668848652637,2.630981131757,-1.10668848652637,-1.10668848652637,-0.413541305966427,-1.10668848652637,1.72652485752984,-0.0080761978582624,-0.413541305966427,-1.10668848652637,-1.10668848652637,2.18914837947796,-1.10668848652637,0.839221662528941,1.09053609080985,-1.10668848652637,0.502749425907728,-0.413541305966427,-0.413541305966427,0.502749425907728,-1.10668848652637,1.88904378702762,0.279605874593519,2.22551602364883,0.685070982701683,1.72652485752984,1.09053609080985,-0.413541305966427,0.279605874593519,-0.413541305966427,0.279605874593519,-1.10668848652637,0.685070982701683,1.98435396683194,0.279605874593519,1.98435396683194,-1.10668848652637,0.839221662528941,-1.10668848652637,-1.10668848652637,0.502749425907728,-1.10668848652637,1.53236884308889,-0.0080761978582624,-1.10668848652637,-1.10668848652637,-1.10668848652637,-1.10668848652637,-0.0080761978582624,-1.10668848652637,0.972753055153464,0.279605874593519,0.279605874593519,-0.0080761978582624,-1.10668848652637,-1.10668848652637
